id,name,rank_all,rank_futures,rank_equities_only,profit,trades,win_rate,profit_factor,avg_win,avg_loss,profit_1y,first,last,active_days,green_day_pct,daily_sharpe_ann,max_drawdown,recovery_factor,worst_day,best_day,top5pct_days_share_of_profit,profitable_years,years,recent_asset_mix,recent_median_hold_min,tickers_hidden,twitter,url
11253,Steven Dux,1,,,11772880.56,4334,0.6135,1.77,10168.084,-9112.8685,-33219.16,2016-02-25,2025-12-19,1367,0.7169,2.4821,901946.78,13.0527,-890000.3,383650.106,0.9122,9,10,OPT:2;STK:3,1305.4833,True,@Steven1_994,https://kinfo.com/portfolio/11253/performance
19232,Kyle Williams,2,,,10026938.3,5151,0.5545,1.86,8124.7863,-5449.6485,2364879.37,2019-04-03,2026-09-22,1761,0.5525,2.6121,750632.2912,13.358,-383912.1263,453152.7921,0.9467,8,8,STK:3;OPT:2,47.5667,False,@traderkylec,https://kinfo.com/portfolio/19232/performance
96547,David Veprek/Heliomaster Trading,3,,,10015335.48,22708,0.4764,1.29,4433.1517,-3124.6183,1464564.42,2016-03-21,2026-09-22,2256,0.6099,1.5443,1588050.2598,6.3067,-536192.4957,612806.6959,1.3156,10,11,STK:5,112.7667,True,@veptrader,https://kinfo.com/portfolio/96547/performance
39758,madaz,4,,1,9023711.52,53701,0.9309,1.17,1553.0825,-17865.9204,-255741.32,2017-06-28,2026-09-22,2274,0.8325,0.5268,7910176.0841,1.1408,-1766398.508,1146059.4804,2.8776,6,10,STK:5,2.15,True,@madaznfootballr,https://kinfo.com/portfolio/39758/performance
25458,Aikido Trading Enigma,5,,2,7212524.95,11147,0.6985,1.18,8381.5129,-16401.7779,-1000008.57,2020-05-26,2026-09-22,1538,0.6385,0.5249,4208311.8624,1.7139,-3634995.4133,395168.67,1.9373,5,7,STK:5,32.7417,False,@shiningboy,https://kinfo.com/portfolio/25458/performance
25623,jurn,6,,,5560857.75,6988,0.7572,1.07,15117.6165,-43857.6614,5852072.6,2024-03-27,2026-09-22,638,0.6442,0.7023,4061592.99,1.3691,-1231996.43,812297.02,2.4661,2,3,OPT:4;OTHER:1,1441.9333,False,,https://kinfo.com/portfolio/25623/performance
17255,edu_trades,7,,3,3404851.44,28348,0.7269,1.75,438.6444,-666.7483,805965.73,2019-01-17,2026-09-22,1784,0.8066,4.8638,133931.8692,25.4223,-92487.1437,52489.8241,0.4082,8,8,STK:5,,True,@edu_trades,https://kinfo.com/portfolio/17255/performance
60674,Bobdog,8,,,3404331.03,4445,0.7532,2.67,1625.2122,-1856.7726,3027137.97,2025-01-02,2026-09-21,388,0.7577,3.9815,333423.925,10.2102,-333423.925,218562.343,0.6587,2,2,OPT:5,8640.0,True,@Bobdog1922,https://kinfo.com/portfolio/60674/performance
91159,ravenloft,9,,,2971229.16,2197,0.8475,3.41,2257.8326,-3680.1649,888593.36,2024-01-16,2026-09-21,466,0.8476,3.7842,246801.125,12.039,-225675.99,338980.753,0.6223,3,3,STK:2;OPT:3,11792.0667,False,,https://kinfo.com/portfolio/91159/performance
75748,NeilStrikes,10,,,2724544.3,1525,0.6177,1.49,8836.5288,-9604.5726,908816.12,2014-06-17,2026-04-15,498,0.6225,0.8702,1558018.04,1.7487,-921150.77,1348318.8,1.9429,7,13,SPREAD:4;OPT:1,1440.0,False,@neilstrikes,https://kinfo.com/portfolio/75748/performance
32103,vette,11,,,2721414.42,2487,0.6389,1.85,3732.9027,-3574.7972,1666097.73,2020-06-04,2026-09-21,767,0.6128,1.6073,318616.15,8.5414,-132949.54,499792.52,1.247,6,7,OPT:4;STK:1,38154.75,False,,https://kinfo.com/portfolio/32103/performance
27034,KrisVerma,12,,4,2280493.86,10940,0.8087,1.22,1963.7615,-6806.3266,286386.53,2020-04-29,2026-09-22,1136,0.7315,1.1848,727428.7206,3.135,-173371.6024,156100.6672,1.4586,6,6,STK:5,209.8833,True,@krisverma88,https://kinfo.com/portfolio/27034/performance
75950,blacknugget,13,,5,2162830.66,1612,0.7829,1.73,4069.3582,-8493.4269,1951965.07,2024-10-03,2026-09-22,311,0.8103,2.0206,770735.36,2.8062,-348829.0517,505139.2296,1.0621,3,3,STK:5,6620.55,False,@matt415,https://kinfo.com/portfolio/75950/performance
23730,dom,14,,6,1825055.89,5609,0.3764,1.56,2531.1551,-980.4644,6136.84,2021-01-25,2026-09-22,1232,0.4635,2.0629,161294.13,11.3151,-75951.8,124419.1,1.2774,5,6,STK:5,24.95,False,@dom_mastro10,https://kinfo.com/portfolio/23730/performance
102193,Jay Gamma Trader,15,1,,1767164.32,4371,0.4619,1.43,2926.4487,-1760.0174,1799491.47,2024-03-22,2026-09-22,522,0.5805,1.9851,301095.3319,5.8691,-181081.5401,250715.1588,1.1676,2,3,SPREAD:1;FOP:3;FUT:1,3165.1083,False,@TotalTechnolo13,https://kinfo.com/portfolio/102193/performance
35983,Pace,16,,,1707368.78,9423,0.7153,1.2,1556.0881,-3262.5701,89800.21,2021-09-27,2026-09-22,952,0.5903,1.2913,535019.81,3.1912,-190984.42,255088.77,1.5937,5,6,STK:5,0.0,False,,https://kinfo.com/portfolio/35983/performance
28802,TctTrader,17,,,1705294.92,18815,0.4431,1.27,1034.3181,-649.8968,187647.17,2019-09-03,2026-09-22,1587,0.5482,1.7492,224385.2005,7.5999,-111053.965,101360.4387,1.284,6,8,STK:5,0.0,False,@2008beka,https://kinfo.com/portfolio/28802/performance
80802,Weekly OPTIONS,18,,,1686689.12,1259,0.5616,1.19,14747.8928,-15833.4622,-66187.22,2024-03-04,2026-09-22,416,0.6346,0.8863,1252089.87,1.3471,-571999.96,365836.8,2.2274,2,3,OPT:5,377.6667,True,@StephenOptions,https://kinfo.com/portfolio/80802/performance
15569,greenmachine,19,,7,1655622.82,3137,0.395,1.32,5453.8685,-2687.9453,394888.42,2018-12-26,2026-08-18,922,0.4501,0.8783,1181093.1232,1.4018,-220134.98,495221.11,2.612,6,9,STK:5,1159.1167,False,,https://kinfo.com/portfolio/15569/performance
27093,stratataaa,20,,8,1621183.38,8356,0.3918,1.55,1390.5604,-576.842,556700.92,2018-08-06,2026-09-23,1568,0.5364,3.0681,58992.01,27.4814,-31163.18,53264.3,0.8384,6,9,STK:5,54.2667,False,,https://kinfo.com/portfolio/27093/performance
73520,FC888,21,,,1580079.4,2783,0.4707,1.4,4232.2498,-2691.2205,506524.48,2022-09-29,2026-06-08,407,0.5528,2.0947,386057.08,4.0929,-270034.8,250251.88,0.9914,5,5,OPT:5,7269.2167,False,,https://kinfo.com/portfolio/73520/performance
45466,WingFoiler,22,,,1529388.47,1719,0.9255,4.63,1226.3757,-3295.1197,1273755.86,2024-05-17,2026-09-22,432,0.8773,2.6355,306389.24,4.9917,-275785.94,292876.06,0.6559,3,3,OTHER:5,8640.0,False,,https://kinfo.com/portfolio/45466/performance
34756,onezerozerom,23,,,1378771.35,5601,0.7984,2.11,586.9969,-1103.8783,683613.12,2020-12-30,2026-09-22,797,0.877,2.7844,84363.46,16.3432,-54036.11,221562.49,0.6271,6,7,OPT:5,15859.7667,False,,https://kinfo.com/portfolio/34756/performance
27008,Trader5000,24,2,,1369324.73,942,0.4204,1.15,26225.4852,-16512.7608,-64051.87,2023-01-03,2026-09-21,377,0.4828,0.4254,2017752.2511,0.6786,-665101.7,1225055.5,5.5169,3,4,FUT:4;OPT:1,63931.05,False,,https://kinfo.com/portfolio/27008/performance
102421,Gex,25,,,1297368.74,7123,0.8188,2.52,368.601,-660.1956,949034.66,2021-03-18,2026-09-22,633,0.8847,6.7958,44736.0,29.0006,-24432,68667.635,0.3798,5,6,OPT:5,151.3667,True,,https://kinfo.com/portfolio/102421/performance
36761,Humbled Trader,26,,9,1282257.36,9244,0.5869,1.22,1386.3093,-1611.7823,421808.27,2020-02-21,2026-09-18,1297,0.5906,1.0211,498889.2976,2.5702,-161410.7819,203756.2585,1.7798,5,7,STK:5,1358.7333,True,@HumbledTrader18,https://kinfo.com/portfolio/36761/performance
105645,longdegeneracy,27,,,1263198.1,1950,0.5862,1.09,13367.4635,-17367.7976,975754.26,2024-10-01,2026-09-22,293,0.802,0.7915,1217961.45,1.0371,-1023034.26,156589.73,1.1951,3,3,OPT:5,865.1333,False,,https://kinfo.com/portfolio/105645/performance
30098,Tradr_G,28,,10,1230934.55,10461,0.6676,1.22,990.955,-1635.2896,-214129.78,2022-09-20,2026-09-22,920,0.7815,0.4565,1906563.5682,0.6456,-721378.0099,166687.6581,1.7488,3,5,STK:5,330.5167,False,@Tradr_G,https://kinfo.com/portfolio/30098/performance
92158,sellput,29,,,1215464.39,6839,0.5002,1.24,1837.3202,-1483.326,1199821.49,2025-06-24,2026-09-11,280,0.8607,2.3524,95690.88,12.702,-77055.42,302370.66,0.9702,2,2,OPT:5,854.4833,False,,https://kinfo.com/portfolio/92158/performance
102270,bl4ckp3bbl3,30,,,1208179.01,2634,0.7373,2.13,1171.968,-1543.0388,725444.1,2019-11-22,2026-09-22,980,0.7633,2.5375,208952.681,5.7821,-51369,84245,0.9552,6,8,OPT:5,223420.2833,False,,https://kinfo.com/portfolio/102270/performance
55102,Moritz Klein,31,,11,1194858.27,1135,0.5251,1.34,11424.6548,-9420.8646,643464.87,2023-07-24,2026-09-22,738,0.3997,1.0888,418437.92,2.8555,-129053.49,128653.13,2.007,4,4,STK:5,,False,,https://kinfo.com/portfolio/55102/performance
21293,Shiba_daytrader,32,,,1180660.1,455,0.5604,1.23,24904.7042,-25846.5135,1180660.1,2026-05-12,2026-09-22,87,0.5977,2.255,413272.9622,2.8569,-208368.1936,324131.2739,0.9081,1,1,STK:5,22.2833,True,,https://kinfo.com/portfolio/21293/performance
55590,LoneWolfTrader,33,,12,1172020.61,11091,0.6641,1.26,1049.7988,-1643.23,727825.6,2024-04-01,2026-09-22,614,0.6922,1.7343,303686.8201,3.8593,-286868.8395,47083.3851,0.5842,3,3,STK:5,60.7833,False,@lonewolfetrader,https://kinfo.com/portfolio/55590/performance
14851,StockWonk,34,,,1165821.12,2997,0.4798,1.37,4687.3219,-3144.4572,-1592.48,2020-05-22,2026-09-21,1398,0.3977,1.1209,234385.5948,4.9739,-121141.61,86307.02,1.9982,5,7,STK:1;OPT:4,,False,,https://kinfo.com/portfolio/14851/performance
106212,cognitivefader,35,,,1155488.37,2670,0.827,1.86,1175.6173,-3022.0065,695230.49,2020-11-06,2026-09-22,644,0.7686,2.255,148562.7738,7.7778,-148562.7738,78567.28,0.8144,5,7,STK:5,,True,,https://kinfo.com/portfolio/106212/performance
103669,Daniel Duy Tran,36,,,1152604.42,6153,0.6946,1.28,1239.6947,-2206.4133,786298.81,2020-06-08,2026-09-14,660,0.7,1.5203,411617.59,2.8002,-265995.07,139960.72,1.2597,3,6,OPT:5,17.5,False,,https://kinfo.com/portfolio/103669/performance
31141,OVTrader,37,,,1114261.75,4580,0.657,1.45,1189.1318,-1568.3233,16908.02,2022-05-10,2025-10-24,630,0.6603,2.1654,161227.17,6.9111,-90930.22,181465.82,0.871,4,4,OPT:5,,False,,https://kinfo.com/portfolio/31141/performance
83517,jayco,38,,13,1105952.28,6090,0.5268,1.15,2578.1933,-2485.2156,604873.56,2023-01-03,2026-09-08,829,0.5416,1.0738,771466.3251,1.4336,-108629.9191,160239.1103,2.1172,3,4,STK:5,10080.0,False,,https://kinfo.com/portfolio/83517/performance
67094,ZuneTrades,39,,,1065977.72,3710,0.6431,1.28,2015.5338,-2827.2385,12462.01,2023-04-26,2026-09-21,600,0.6033,1.9785,316638.387,3.3665,-84947.54,94881.98,1.1665,3,4,OPT:4;OTHER:1,240.2333,True,@zunetrades,https://kinfo.com/portfolio/67094/performance
105185,OptionsTurtle,40,,,1050088.4,3478,0.6164,1.56,1360.9873,-1400.2012,215638.94,2018-02-28,2026-09-18,672,0.8423,1.7135,188703.0,5.5648,-141445,141726,1.1333,9,9,OPT:4;STK:1,30306.5833,False,,https://kinfo.com/portfolio/105185/performance
34470,Ephixia/Tydal,41,,,1025653.85,24284,0.3732,1.15,858.1926,-443.5217,598435.34,2018-08-17,2025-12-02,1624,0.5856,1.0227,254024.63,4.0376,-61966.59,152776.24,2.1142,6,8,FUT:3;STK:2,0.0,False,,https://kinfo.com/portfolio/34470/performance
23854,JamesL,42,,14,911966.76,3010,0.5153,1.31,2484.0357,-2015.6084,44556.67,2020-03-12,2026-09-22,1143,0.6194,1.6415,148743.6108,6.1311,-46597.86,68698.6,1.1624,7,7,STK:5,,False,,https://kinfo.com/portfolio/23854/performance
14410,TQQQTrader,43,,15,888084.89,358,0.3911,1.63,16354.9452,-6430.6748,112739.87,2023-03-15,2026-08-10,84,0.4048,2.1903,421940.63,2.1048,-128101.37,347302.66,1.2012,3,4,STK:1;OTHER:4,5760.0,False,@RealTQQQTrader,https://kinfo.com/portfolio/14410/performance
25843,Huddie,44,,,874478.0,6628,0.3814,1.34,1485.1009,-681.135,66861.35,2018-05-03,2026-09-22,1643,0.482,1.6026,82835.36,10.5568,-46604.39,88340.5,1.3761,8,9,STK:5,55.6167,False,,https://kinfo.com/portfolio/25843/performance
87940,Nightfall,45,,,862238.61,1843,0.7857,2.37,1029.3935,-1590.6844,394476.51,2025-05-01,2026-05-18,242,0.7686,5.6241,63483.4684,13.5821,-30060.7114,81514.4209,0.4919,2,2,OPT:4;STK:1,107921.65,False,,https://kinfo.com/portfolio/87940/performance
52632,DonJuan,46,,16,849373.36,20835,0.3753,1.4,377.0834,-161.2662,114316.08,2019-10-02,2026-09-22,1555,0.5312,2.7483,62709.579,13.5446,-17089.4476,45760.7181,0.9833,6,8,STK:5,6.9167,False,@DonJuanKnows,https://kinfo.com/portfolio/52632/performance
96732,DHURANDHAR,47,,,813201.08,440,0.8318,2.56,3643.1709,-7029.7226,762543.31,2024-04-09,2026-09-21,211,0.8531,3.7678,121993.67,6.6659,-85173.11,127269.76,0.6018,3,3,OPT:5,84960.0,False,,https://kinfo.com/portfolio/96732/performance
85898,Rednaxela747,48,,17,778909.13,4244,0.2981,1.74,1733.2349,-422.9037,779569.39,2025-06-24,2026-09-22,296,0.4662,3.121,198047.8121,3.9329,-56713.721,76772.8936,0.8295,2,2,STK:5,,True,@AlexelA747,https://kinfo.com/portfolio/85898/performance
83024,DipNrip,49,,18,765911.58,43841,0.4805,1.49,111.2102,-69.2198,185942.29,2021-11-22,2026-08-14,1138,0.7039,6.4839,14722.74,52.0224,-7204.48,14067.72,0.3938,6,6,STK:5,4.5333,False,,https://kinfo.com/portfolio/83024/performance
102864,V85,50,,19,760981.31,171784,0.5275,1.24,43.2094,-38.8677,39623.32,2019-01-02,2026-09-22,1868,0.69,6.924,8072.8409,94.2644,-2610.2475,7513.6763,0.3848,7,8,STK:5,0.2667,False,,https://kinfo.com/portfolio/102864/performance
85876,daily_harvester,51,,,748893.82,1237,0.9329,4.69,824.7241,-2443.8282,191430.48,2024-09-13,2026-09-21,340,0.9324,5.7939,43247.4,17.3165,-39000,44073.31,0.4051,3,3,OPT:4;STK:1,15277.1167,False,,https://kinfo.com/portfolio/85876/performance
66553,WallStWizard,52,,20,744347.28,14430,0.8712,1.36,241.4494,-1199.0757,167860.97,2024-10-02,2026-09-22,480,0.7896,3.9527,132800.1874,5.605,-78704.7594,16845.795,0.3765,3,3,STK:5,6.2667,False,,https://kinfo.com/portfolio/66553/performance
80314,GAin,53,3,,715248.29,2566,0.6383,1.65,1115.6133,-1196.1369,478882.87,2023-01-04,2026-09-22,775,0.6516,2.1388,177022.9762,4.0404,-74107.7421,64521.7948,0.9713,3,4,STK:5,18720.0,False,,https://kinfo.com/portfolio/80314/performance
80847,Sunfish,54,,21,666629.89,7890,0.7176,2.26,253.9331,-285.2051,459461.99,2025-01-02,2026-09-16,396,0.8434,2.8682,166818.4261,3.9961,-166818.4261,27460.6181,0.421,2,2,STK:5,30.1333,False,@SCSunbear,https://kinfo.com/portfolio/80847/performance
12116,Roland LV,55,,22,666542.76,16028,0.5894,1.2,506.5931,-604.7691,34396.07,2017-12-28,2026-09-22,1907,0.6303,1.1393,215944.0037,3.0866,-65761.3857,87136.4356,1.7006,7,10,STK:5,,False,@Rolixxs,https://kinfo.com/portfolio/12116/performance
78551,Charles Cao | Founder of SharesGrow.com,56,,,656622.6,842,0.8456,2.85,1421.572,-2733.4224,554174.8,2024-09-09,2026-09-22,321,0.8224,5.3246,63327.0691,10.3688,-47383.7394,50845.0665,0.4231,3,3,OPT:5,1154.4833,False,,https://kinfo.com/portfolio/78551/performance
87210,Tommy Knoxville,57,,23,643975.6,13336,0.8031,1.95,123.1854,-257.1744,101431.07,2017-03-10,2026-09-22,1487,0.8124,2.8517,50509.38,12.7496,-50509.38,30387.46,0.6883,9,10,STK:5,1.5,False,@greenpennyman,https://kinfo.com/portfolio/87210/performance
27452,Xavi Comas,58,,24,635018.15,8663,0.7592,1.61,289.1324,-564.7481,264279.1,2023-12-04,2026-09-22,689,0.7939,4.0198,50790.02,12.5028,-27995.3267,10222.2002,0.3903,4,4,STK:5,,False,@xavier_comas,https://kinfo.com/portfolio/27452/performance
86064,Trader YC,59,,25,619296.88,14664,0.4716,1.16,691.2414,-532.2056,258151.86,2025-05-19,2026-07-13,257,0.5992,2.9459,89923.4648,6.8869,-51435.61,89217.71,0.7571,2,2,STK:5,0.0,False,@ChillTrading_YC,https://kinfo.com/portfolio/86064/performance
77177,rtamtrades,60,,26,565725.75,440,0.3568,3.68,4947.1565,-745.5047,565725.75,2025-10-08,2026-08-31,129,0.4264,3.3809,25549.824,22.1421,-13810.37,197257.402,0.8096,2,2,STK:5,4276.6333,False,@ryanmtam,https://kinfo.com/portfolio/77177/performance
89894,binh,61,,,565509.23,920,0.5359,1.61,3023.6839,-2166.6673,570079.81,2025-08-27,2026-02-05,107,0.5514,3.6088,100860.15,5.6069,-53562.87,118630.19,0.7373,2,2,OPT:5,242.2833,False,,https://kinfo.com/portfolio/89894/performance
36612,robg_,62,,,544053.58,36366,0.3195,1.07,733.9886,-322.6741,-31368.03,2020-03-09,2026-07-16,1464,0.5041,1.1055,133295.15,4.0816,-23757.66,33862.97,1.9105,6,7,OPT:5,53.3833,False,@robgray_,https://kinfo.com/portfolio/36612/performance
97139,amitsharma10,63,,,541020.5,942,0.7219,4.44,1027.0054,-600.5465,212122.45,2023-10-09,2026-09-21,256,0.7852,3.4252,36805.371,14.6995,-31325.071,87459.8,0.8175,4,4,STK:4;OPT:1,155440.4833,False,,https://kinfo.com/portfolio/97139/performance
16790,HL Financial Strats,64,,,540449.95,706,0.9589,4.38,1034.4696,-5513.3083,459281.64,2025-05-09,2026-09-22,256,0.9727,5.8464,55369.74,9.7607,-35296.16,44583.46,0.3462,2,2,OPT:5,0.0,False,@hlfinancial,https://kinfo.com/portfolio/16790/performance
12685,SystematicT,65,,27,533211.79,1076,0.3717,2.02,2640.0302,-773.3699,412736.21,2022-07-11,2026-09-01,314,0.4522,1.9445,68100.3766,7.8298,-43711.9393,125410.6146,1.2888,4,5,STK:5,47520.0,False,,https://kinfo.com/portfolio/12685/performance
61941,Kasiope,66,,,529071.51,9664,0.4843,1.03,3454.019,-3137.1865,118439.92,2025-03-10,2026-09-22,395,0.6051,0.8046,298464.19,1.7726,-144829.48,121030.79,2.2248,2,2,OPT:5,1440.0,False,,https://kinfo.com/portfolio/61941/performance
28493,Ryguyver,67,,,521369.9,9894,0.6497,1.72,233.522,-251.937,-16140.68,2021-04-01,2026-09-22,1286,0.6151,3.2049,28354.09,18.3878,-12567.59,22470.51,0.6396,5,6,STK:5,,False,@Ryan_McGaw,https://kinfo.com/portfolio/28493/performance
59429,Vrso,68,,,516303.53,931,0.8464,1.21,3702.9518,-16794.429,155458.12,2024-09-13,2025-11-14,213,0.7793,0.9958,693592.0469,0.7444,-382123.5326,186823.2505,1.4908,2,2,OPT:5,6160.05,False,,https://kinfo.com/portfolio/59429/performance
80063,Tori.Trades,69,4,,514643.1,137,0.635,2.76,9271.9943,-5840.408,1883.0,2022-10-07,2025-11-04,119,0.6303,4.3778,138884.0,3.7056,-36894,90602,0.5204,4,4,FUT:5,120.2333,False,@toritrades,https://kinfo.com/portfolio/80063/performance
82971,Hannah8,70,,,447241.35,899,0.7186,3.09,1023.6423,-845.9747,423661.55,2025-07-24,2026-09-19,210,0.7524,1.2556,66508.63,6.7246,-31459.03,387960.34,1.009,1,2,OPT:1;STK:4,3.35,False,@https://www.instagram.com/hannahtrades8,https://kinfo.com/portfolio/82971/performance
29261,Terrible Trader,71,,28,420346.61,750,0.5693,1.3,4292.3449,-4373.0176,-12204.35,2022-08-11,2026-09-14,465,0.6043,1.7101,126779.73,3.3156,-39361.88,34762.76,1.0506,3,5,STK:5,,False,,https://kinfo.com/portfolio/29261/performance
31147,Mike Tsai,72,,,420013.06,727,0.6726,5.01,1072.986,-439.8196,170084.22,2022-03-29,2026-07-28,265,0.6981,2.0268,24891.66,16.8736,-17254.88,137619.6,1.0852,5,5,OPT:5,1536.45,False,@,https://kinfo.com/portfolio/31147/performance
70646,Niche,73,,29,418817.78,11375,0.4838,1.36,290.4224,-200.8475,22753.54,2020-06-01,2026-09-22,1566,0.6743,2.5702,23735.34,17.6453,-19789.5,20794.5,0.6985,7,7,STK:5,17.1,False,,https://kinfo.com/portfolio/70646/performance
103506,harsheet,74,,,411959.47,2538,0.6533,4.0,331.1726,-155.8235,292743.01,2017-05-30,2026-09-22,718,0.6588,1.1309,17080.544,24.1186,-7431.228,192545.92,0.9501,7,9,OPT:5,18720.0,False,,https://kinfo.com/portfolio/103506/performance
99797,RockyTheMonk,75,,30,406498.36,1804,0.8171,2.19,507.8558,-1036.6094,232278.55,2024-08-01,2026-09-22,497,0.837,1.9273,74487.39,5.4573,-74487.39,98321.34,0.8713,3,3,STK:5,0.0,False,,https://kinfo.com/portfolio/99797/performance
91579,wamo88,76,,,394353.9,429,0.4382,1.23,11033.8043,-6970.8073,-13697.12,2022-01-07,2026-07-01,202,0.4752,1.0033,200703.4235,1.9649,-178144.3524,254022.507,2.3229,3,5,OPT:4;FOP:1,11614.1167,False,,https://kinfo.com/portfolio/91579/performance
58505,Mykola,77,5,,380617.45,776,0.4459,1.16,8202.763,-5713.3937,98686.07,2023-01-05,2026-09-14,309,0.4498,1.1302,200488.3552,1.8985,-99074.0218,111243.5532,1.9779,4,4,STK:5,91006.3333,False,,https://kinfo.com/portfolio/58505/performance
98600,Neyale Trader,78,,,377678.04,1614,0.6264,2.03,735.9855,-607.634,338935.82,2024-04-17,2026-09-22,283,0.6749,4.4338,32972.16,11.4545,-13553.24,45057.08,0.5794,3,3,STK:3;OPT:2,0.0,False,,https://kinfo.com/portfolio/98600/performance
97419,GerardGarcia,79,6,,363616.78,694,0.5937,1.39,3138.6612,-3296.1406,363616.78,2026-05-06,2026-09-14,64,0.6406,3.5879,72814.914,4.9937,-36913.2,120877.26,0.7047,1,1,STK:5,0.0,True,,https://kinfo.com/portfolio/97419/performance
93234,Albeezy0,80,,,357859.93,1196,0.7383,1.22,2280.5959,-5290.4353,356852.37,2025-09-12,2026-09-22,221,0.7014,0.8483,366443.17,0.9766,-231458.27,108107.37,2.1536,1,2,OPT:5,5760.0,False,,https://kinfo.com/portfolio/93234/performance
57456,BrunoV,81,7,,342820.35,1853,0.565,1.44,1085.2053,-980.9662,264731.57,2024-11-20,2026-09-22,315,0.6095,1.6722,110824.0816,3.0934,-34457.3291,131499.0792,1.2835,3,3,STK:5,1396.05,False,,https://kinfo.com/portfolio/57456/performance
87763,vonHoditz,82,,31,337996.15,5820,0.5765,1.21,578.437,-649.554,231183.07,2024-09-03,2026-09-22,520,0.5712,2.5318,55579.0653,6.0814,-14794.1606,21636.2138,0.8104,3,3,STK:5,5624.1,False,,https://kinfo.com/portfolio/87763/performance
101070,AlexHarit,83,,,333767.77,4498,0.8582,1.48,266.525,-1089.3713,267840.11,2019-05-15,2026-09-22,632,0.8244,1.398,110618.411,3.0173,-91012.863,60208.06,1.186,8,8,OPT:5,4528.9833,False,,https://kinfo.com/portfolio/101070/performance
84709,dreonk,84,,,327049.52,399,0.8897,6.45,1090.358,-1364.2627,344982.66,2023-06-22,2026-09-10,236,0.8347,1.534,41833.0675,7.818,-39429.6837,215925.9218,0.8884,2,4,OPT:5,21667.0,False,,https://kinfo.com/portfolio/84709/performance
86163,SHYAMAL,85,,32,324032.1,296,0.6453,1.3,7323.7853,-10236.2943,324032.1,2026-01-05,2026-06-30,66,0.7273,1.5326,224400.65,1.444,-224400.65,151443.13,1.0961,1,1,OTHER:4;STK:1,7200.0,True,,https://kinfo.com/portfolio/86163/performance
106343,OptionWheeler_X,86,,,320963.02,651,0.9032,3.04,813.0995,-2494.2773,189417.09,2024-11-15,2026-09-21,209,0.9043,4.7958,33067.46,9.7063,-17838.29,37555.52,0.5205,2,3,OPT:5,9326.5167,False,@optionwheeler_x,https://kinfo.com/portfolio/106343/performance
100505,NingNingNingNingNing,87,,,320248.24,374,0.738,1.42,3912.9871,-7752.4103,320248.24,2026-02-13,2026-09-18,105,0.6571,1.9251,173200.39,1.849,-146819.89,149836.5,0.9785,1,1,SPREAD:3;OPT:2,39478.5083,False,,https://kinfo.com/portfolio/100505/performance
62780,rw44,88,8,,317917.67,6112,0.4809,1.19,686.2136,-535.4094,373440.04,2024-01-19,2026-09-22,554,0.6155,1.8256,102563.8678,3.0997,-30474.0833,44442.7843,1.1371,2,3,FUT:1;OPT:4,380.5167,False,@ryanwu4444,https://kinfo.com/portfolio/62780/performance
102063,vikas1975,89,,,305445.29,1224,0.6005,1.36,1578.7531,-1748.34,305445.29,2025-09-26,2026-09-22,157,0.7389,1.6142,52222.0,5.849,-16056,236942.35,0.9617,2,2,OPT:5,17494.05,False,,https://kinfo.com/portfolio/102063/performance
66760,sannemesis,90,,33,299666.84,2649,0.7897,1.11,1483.4631,-5033.6408,322571.3,2024-09-09,2026-09-11,410,0.761,0.6256,301796.48,0.9929,-202601.95,68163.16,1.5763,1,3,OTHER:2;STK:3,43.0,False,,https://kinfo.com/portfolio/66760/performance
33503,SDZoom,91,,,296060.24,5772,0.5144,1.12,901.1391,-848.884,270662.42,2025-07-01,2026-09-22,305,0.6885,5.3994,42381.93,6.9855,-12967.83,10931.67,0.3269,2,2,OPT:5,0.0,True,,https://kinfo.com/portfolio/33503/performance
14291,kzk,92,,34,294588.8,3460,0.8292,1.44,391.4789,-1320.3977,-2390.74,2020-09-10,2026-09-22,1245,0.7791,1.1504,65925.24,4.4685,-52055.55,9575.99,0.8685,5,7,STK:5,0.0,False,,https://kinfo.com/portfolio/14291/performance
95355,ggtrader,93,,,287421.53,505,0.6059,1.35,3620.4537,-4122.8006,73354.56,2024-03-07,2026-03-10,176,0.6591,2.0806,96114.42,2.9904,-54774.12,85739.18,1.042,2,3,OPT:5,0.3,False,,https://kinfo.com/portfolio/95355/performance
19039,BetE1gEusE,94,,35,271107.18,3346,0.4154,1.6,546.1364,-243.1952,47889.15,2021-02-09,2026-09-22,1171,0.4987,2.3948,24183.9757,11.2102,-14016.43,12470.22,1.0339,6,6,STK:5,7.5167,False,,https://kinfo.com/portfolio/19039/performance
24668,Kandyman,95,,,266680.44,2535,0.5507,2.21,353.9155,-196.4753,169699.04,2020-03-31,2026-09-22,857,0.4819,2.5598,15536.9,17.1643,-14442.17,33278.681,0.9224,5,6,OPT:1;STK:4,,False,,https://kinfo.com/portfolio/24668/performance
12154,Naoufel Taief  Algo account,96,9,,264293.11,6852,0.4447,1.04,2064.9465,-1584.0231,-5232.26,2019-01-02,2026-09-22,1894,0.4715,0.6707,68145.3296,3.8784,-47898.5762,51017.8331,3.0766,6,8,STK:5,17284.0333,True,@ultrainstint18,https://kinfo.com/portfolio/12154/performance
48629,GRANDEO,97,,,261062.56,6793,0.7415,1.3,339.4791,-747.7546,152692.82,2024-06-20,2026-09-22,546,0.7619,1.6906,71613.0168,3.6455,-64871.0486,8987.4362,0.5968,2,3,OPT:1;STK:4,108.0167,False,,https://kinfo.com/portfolio/48629/performance
99664,Hunny,98,,,256805.88,1236,0.6125,1.56,941.3992,-951.6353,236827.4,2023-06-09,2026-09-22,336,0.7708,2.2748,22987.0,11.1718,-22987,64449.12,0.8707,3,4,OPT:5,83.05,False,,https://kinfo.com/portfolio/99664/performance
45005,JBHP,99,,,246190.09,907,0.8115,1.68,827.2456,-2120.7918,-83315.65,2021-05-27,2026-09-18,436,0.8073,1.1436,163906.066,1.502,-154195.4953,22645.0087,0.6626,5,6,OPT:5,26110.4167,False,,https://kinfo.com/portfolio/45005/performance
41707,BearNob,100,,36,238209.82,3503,0.6472,1.07,1670.0734,-2870.4261,49730.68,2016-11-02,2026-09-22,1062,0.7024,0.6237,205356.6669,1.16,-48813.8,103711.69,2.2079,4,11,STK:5,160.0333,False,,https://kinfo.com/portfolio/41707/performance
58927,lIllIllllIllllIlllI,101,,37,236479.73,1334,0.4573,1.7,937.8926,-463.5839,-124.42,2017-10-25,2026-09-16,468,0.4658,0.9078,108825.288,2.173,-40294.535,128944.939,2.0649,4,9,STK:5,8797.4667,False,,https://kinfo.com/portfolio/58927/performance
38889,APlusTrading,102,,38,235145.13,2617,0.666,1.63,402.5399,-491.7436,-1643.12,2020-08-24,2026-09-22,1150,0.6035,1.1196,22108.22,10.6361,-18720.73,76121.46,1.3107,7,7,STK:5,0.0,False,,https://kinfo.com/portfolio/38889/performance
19326,kenctrades,103,,39,233904.74,7283,0.3975,1.2,486.1685,-267.446,71141.78,2020-12-28,2026-08-24,683,0.552,0.9721,133319.8361,1.7545,-26897.0201,79228.5033,2.3246,5,7,STK:5,14.0167,False,@kenctrades,https://kinfo.com/portfolio/19326/performance
15132,HeavenWithaD,104,,,231601.04,60549,0.4149,1.04,262.0815,-179.285,-4792.25,2020-05-06,2025-10-03,827,0.6179,0.8535,113610.08,2.0386,-20558.84,54537.79,2.6878,4,6,STK:5,0.9833,False,,https://kinfo.com/portfolio/15132/performance
85256,fortitude1981,105,,,222777.53,1051,0.5994,1.57,979.3453,-936.3658,239253.89,2018-08-06,2026-06-16,245,0.6367,2.0554,62218.37,3.5806,-43051.5,34088.53,1.0157,6,9,OPT:5,1417.3833,False,@fortitude1981,https://kinfo.com/portfolio/85256/performance
84998,PennyAutotraderBot,106,,40,219029.71,3726,0.6965,1.44,429.3452,-686.3402,214490.72,2025-08-21,2026-09-22,272,0.6875,3.5785,35616.0492,6.1497,-15885.6033,17970.3372,0.5844,2,2,STK:5,267.4,False,,https://kinfo.com/portfolio/84998/performance
18140,LKWCapital,107,,41,218727.87,13274,0.8013,1.06,369.9251,-1408.5653,290540.43,2020-01-15,2026-09-22,773,0.5744,0.2468,560985.2499,0.3899,-318149.04,57984.5751,5.2858,2,7,STK:5,1.3333,False,,https://kinfo.com/portfolio/18140/performance
88135,Mr. Minks,108,,42,217635.8,3658,0.6963,1.43,434.7595,-695.4707,213096.82,2025-08-21,2026-09-22,265,0.683,3.5957,35616.0492,6.1106,-15885.6033,17970.3372,0.5919,2,2,STK:5,267.4,False,,https://kinfo.com/portfolio/88135/performance
96556,arnoblits,109,,,217554.5,747,0.5033,1.18,3747.3846,-3211.4882,217554.5,2026-02-24,2026-05-04,48,0.6667,2.8661,135711.68,1.6031,-108640.34,82409.9,0.5961,1,1,OPT:5,4.1667,False,,https://kinfo.com/portfolio/96556/performance
102293,oscartramor,110,,,214806.9,4436,0.7362,1.34,258.8613,-538.9712,138835.65,2023-11-06,2026-09-22,603,0.7811,2.7021,31961.963,6.7207,-12664.9496,15537.7717,0.861,3,4,OPT:5,1453.7333,False,,https://kinfo.com/portfolio/102293/performance
24829,YankeeAxelrod,111,,,213028.95,2019,0.6741,3.12,251.7699,-166.9654,234085.17,2019-12-30,2026-09-22,564,0.6099,1.6457,24977.95,8.5287,-16907.94,77359.84,1.0329,4,8,STK:5,131195.3333,False,@YankeeAxelrod,https://kinfo.com/portfolio/24829/performance
55549,TheOptionsKing,112,10,,210385.71,1051,0.53,1.31,1587.452,-1364.0074,82978.37,2021-02-02,2026-09-22,405,0.521,2.219,27207.6778,7.7326,-20416.57,24991.7853,1.1672,5,6,OPT:5,1055.1833,False,,https://kinfo.com/portfolio/55549/performance
103960,aleksdude,113,,,209107.31,2461,0.8025,1.66,266.9316,-654.4909,104073.51,2018-01-08,2026-09-22,836,0.762,1.2959,38327.05,5.4559,-23668.92,62246.92,1.278,5,8,STK:5,351300.0,False,@aleksdudes,https://kinfo.com/portfolio/103960/performance
74980,rosti,114,,,206762.35,4777,0.7247,1.32,244.9585,-487.4603,90881.79,2023-03-24,2026-09-22,747,0.822,2.245,30335.0859,6.8159,-15612.0039,29555.3881,0.8698,4,4,OPT:5,405.6167,False,,https://kinfo.com/portfolio/74980/performance
28243,Dannyl_ee,115,,43,202948.23,4107,0.4597,1.2,686.5639,-485.3393,26092.45,2021-01-25,2026-09-22,1102,0.5018,0.9499,68182.5,2.9765,-26713.67,30189.36,2.3069,4,6,STK:5,151.05,False,,https://kinfo.com/portfolio/28243/performance
28943,Tatankatrader,116,,,201442.08,5766,0.6698,1.2,343.3448,-581.954,-30130.75,2020-11-09,2026-05-14,605,0.6182,1.2197,199296.4026,1.0108,-42822.02,39245.04,1.7097,2,7,STK:5,4.2833,False,@tatankatrder,https://kinfo.com/portfolio/28943/performance
42806,Ohadoren,117,,44,192936.92,33858,0.4496,1.26,61.9414,-40.2466,151621.14,2023-11-16,2026-07-06,562,0.6228,2.947,10951.17,17.6179,-4680.66,31418.1956,0.7618,3,4,STK:5,0.1833,False,,https://kinfo.com/portfolio/42806/performance
40721,Ksabobo,118,,45,192785.22,1374,0.746,1.59,561.5512,-1035.2095,101582.08,2023-05-02,2026-09-22,665,0.5985,1.6473,33205.66,5.8058,-22136.79,19399.65,1.2051,2,4,STK:5,,False,,https://kinfo.com/portfolio/40721/performance
95309,Sing T,119,,,186981.87,1336,0.5015,1.05,5639.3619,-5392.4761,-147676.46,2023-06-16,2026-06-05,289,0.5813,0.4149,242844.1566,0.77,-123760.9177,258053.4723,4.6865,2,4,OPT:4;STK:1,5755.45,False,https://www.youtube.com/@sing_t_2026/,https://kinfo.com/portfolio/95309/performance
45904,keloke ,120,,,186185.63,452,0.8473,4.49,625.4801,-773.5254,110038.51,2024-01-24,2026-09-18,140,0.8929,5.3905,25134.5101,7.4076,-25134.5101,27402.7056,0.4559,3,3,OPT:5,10313.4,False,,https://kinfo.com/portfolio/45904/performance
13942,Stoggi ,123,,46,180343.95,3259,0.5557,1.27,473.8532,-468.0969,-165.57,2019-06-11,2026-09-22,1176,0.6386,1.7813,19002.15,9.4907,-8887.55,10302.65,0.9599,6,8,STK:5,18.2167,False,,https://kinfo.com/portfolio/13942/performance
44389,Javi Medina,125,,47,169238.75,3110,0.2788,1.04,5374.6613,-2002.0321,-309646.91,2020-01-09,2026-09-21,1071,0.3427,0.1675,480891.5912,0.3519,-48307.4413,288726.6698,13.6881,4,7,STK:5,3979.1333,True,,https://kinfo.com/portfolio/44389/performance
12114,stonk_surfer,126,,48,165380.17,8680,0.4897,1.1,446.6843,-389.0679,-21320.43,2020-03-03,2026-09-22,1331,0.5432,0.8056,57113.7129,2.8956,-31234.1538,15056.8994,2.4344,3,7,STK:5,,False,@stonk_surfer,https://kinfo.com/portfolio/12114/performance
89774,MAKTrades,127,,49,163393.03,14286,0.303,1.16,272.24,-101.9518,-2332.58,2022-03-11,2026-08-03,719,0.3797,0.9161,54248.8,3.0119,-7172.73,68757.68,2.4448,5,5,STK:5,127.1833,False,@mikekelleytrade,https://kinfo.com/portfolio/89774/performance
39741,DDNN,129,,50,159664.34,660,0.9136,2.92,435.234,-1579.2133,159581.15,2024-01-12,2026-09-22,493,0.712,2.231,46617.6231,3.425,-46612.8231,6276.1307,0.4541,2,3,STK:5,130.6167,False,,https://kinfo.com/portfolio/39741/performance
55314,greenspudtrades,130,,51,157835.68,2300,0.6196,1.33,443.0757,-541.1926,34882.02,2012-12-03,2026-09-10,792,0.6376,1.2624,74028.542,2.1321,-27103.38,25328.09,1.4894,9,15,STK:2;OTHER:3,21553.45,False,@GreenspudTrades,https://kinfo.com/portfolio/55314/performance
27409,QNT Capital,132,11,,152011.09,261,0.6284,1.45,2973.8038,-3460.7499,152907.01,2023-01-03,2026-09-18,125,0.608,1.6665,71504.56,2.1259,-71504.56,44647.3875,1.3057,2,3,FUT:5,4231.9,True,,https://kinfo.com/portfolio/27409/performance
60495,SlyFox,136,12,,139470.0,1497,0.4035,1.27,1100.3514,-588.0652,154758.49,2024-11-08,2026-09-22,430,0.4372,1.0467,41447.7496,3.365,-11862,80397.4,1.9248,2,3,FUT:5,618.5167,False,,https://kinfo.com/portfolio/60495/performance
43350,noon,139,13,,136832.06,647,0.7002,4.48,388.9394,-202.8736,136832.06,2026-06-17,2026-09-22,66,0.9394,3.7155,1857.1586,73.6782,-1857.1586,72798.9453,0.6258,1,1,OPT:5,37.7167,True,,https://kinfo.com/portfolio/43350/performance
92580,Himmeny,142,,52,131399.15,1986,0.6299,5.12,130.5375,-43.4057,128471.82,2020-04-17,2026-09-22,512,0.7227,6.1583,1471.29,89.3088,-647,5997.54,0.484,3,7,STK:5,11.8167,False,,https://kinfo.com/portfolio/92580/performance
56408,cesc,144,,53,130681.89,4671,0.7705,1.38,165.4255,-401.2449,113162.56,2024-12-16,2026-09-22,400,0.76,1.8477,50377.0576,2.5941,-19349.9201,8632.8562,0.8438,3,3,STK:5,,False,@francesclloret,https://kinfo.com/portfolio/56408/performance
26412,ProverbsTrader,145,,54,130375.1,4855,0.5473,1.28,295.4073,-279.5637,-28333.73,2020-12-14,2026-09-22,1275,0.5953,1.1246,37065.3724,3.5174,-14544.9259,26658.6988,1.6831,5,7,STK:5,756.2,False,@ProverbsTrader,https://kinfo.com/portfolio/26412/performance
59918,Majin,148,,55,126653.77,7982,0.6542,1.48,130.1678,-166.9274,115695.92,2025-01-06,2026-09-22,419,0.6587,2.0939,23167.5438,5.4669,-12454.1748,10507.9653,0.9161,2,2,STK:5,39.45,False,@David_espes,https://kinfo.com/portfolio/59918/performance
31481,AverageWinner,151,,56,123144.69,2494,0.5513,1.31,380.3167,-357.275,70074.25,2023-04-18,2026-09-22,698,0.6347,2.1151,14092.03,8.7386,-5896.887,9356.348,1.1834,4,4,STK:5,360.9667,False,,https://kinfo.com/portfolio/31481/performance
84293,Jbell,152,,57,122354.01,5826,0.5731,1.21,212.0266,-235.4655,144751.39,2022-10-28,2026-09-10,606,0.6221,1.7167,39422.13,3.1037,-11554.34,6092.24,0.9276,2,5,STK:5,0.0,False,,https://kinfo.com/portfolio/84293/performance
28923,maclin,161,,58,115597.24,5029,0.4703,1.17,511.0864,-386.3232,15812.4,2022-08-02,2026-09-22,986,0.6329,1.1297,36707.9022,3.1491,-8849.8356,5389.2757,1.4205,4,5,STK:5,146.3167,False,,https://kinfo.com/portfolio/28923/performance
54782,Mercury Rabbit,164,14,,113251.02,4238,0.4655,1.04,1512.9007,-1267.8554,113158.8,2023-01-03,2026-09-22,347,0.5994,0.4146,302486.5491,0.3744,-77038.0409,53938.0117,4.2764,2,3,FUT:3;OPT:2,83.85,False,,https://kinfo.com/portfolio/54782/performance
54332,TradeVerity AI,167,15,,110349.84,836,0.9797,54.3,137.2653,-121.7882,110349.84,2026-01-26,2026-09-21,112,0.9821,15.0876,1192.0,92.5754,-1192,4906.175,0.1728,1,1,STK:5,16096.9667,True,@tradeverity,https://kinfo.com/portfolio/54332/performance
70350,Natemallard,174,,59,95677.26,2778,0.5601,1.04,1869.0203,-2298.8362,-10704.48,2021-08-02,2026-09-22,906,0.5574,0.4205,146437.83,0.6534,-54136.8,58313.55,3.0603,5,6,STK:3;OPT:2,8802.4417,False,,https://kinfo.com/portfolio/70350/performance
93576,Mahjong Chicken,175,,60,95463.69,1112,0.3031,1.11,2975.4745,-1170.4481,-76179.67,2025-06-12,2026-09-18,216,0.3657,0.5879,224316.3278,0.4256,-47525.7399,67942.2496,4.3103,1,2,STK:5,154.2167,False,,https://kinfo.com/portfolio/93576/performance
82659,Sharpely TOS,176,16,,94221.76,658,0.5198,1.35,1065.047,-852.5159,106727.06,2025-03-10,2026-09-21,273,0.5421,1.9192,27092.1823,3.4778,-12060.6754,19523.9431,1.2077,2,2,FUT:5,338.8,False,@Vaclav_Sabata,https://kinfo.com/portfolio/82659/performance
19568,sickbagholder,177,,61,92901.95,13955,0.5427,1.05,237.5557,-267.4103,78290.7,2023-12-19,2026-09-22,533,0.5478,1.1376,24800.17,3.746,-12076.42,24159.35,1.6081,3,4,STK:5,5.9333,False,,https://kinfo.com/portfolio/19568/performance
21108,pureyu,181,,62,87280.45,14910,0.61,1.1,107.2766,-152.7773,25248.92,2021-11-29,2026-09-22,1039,0.5534,1.1337,59474.3354,1.4675,-16586.1114,9402.965,1.4981,4,6,STK:5,48.9667,False,,https://kinfo.com/portfolio/21108/performance
70393,QuesadillaHowie,182,,63,85318.79,1067,0.7413,1.72,257.1004,-427.7087,2907.3,2024-09-10,2026-09-22,389,0.7301,2.5969,13891.1825,6.1419,-12779.9429,4629.95,0.5652,2,3,STK:5,236.45,False,,https://kinfo.com/portfolio/70393/performance
89529,Smicer,183,17,,83533.73,3705,0.2783,1.04,2299.5616,-855.3668,152857.62,2025-07-16,2026-09-22,293,0.3072,0.2687,368098.6156,0.2269,-37576.9494,112392.6258,9.9961,1,2,STK:5,29.85,False,,https://kinfo.com/portfolio/89529/performance
45184,JammieF,188,,64,79537.6,1495,0.9003,1.66,303.6847,-1651.2985,-18105.18,2024-05-15,2026-09-22,541,0.7172,0.6674,76172.06,1.0442,-63023.78,7539.9,1.3314,2,3,STK:5,,False,,https://kinfo.com/portfolio/45184/performance
70746,TickerFisher,191,,65,78518.95,4691,0.9077,190.48,18.5377,-0.957,76067.82,2025-05-22,2026-07-10,272,0.9338,14.0296,10.56,7435.5066,-5,1612.64,0.2332,2,2,STK:5,40.3667,False,,https://kinfo.com/portfolio/70746/performance
62421,CajunFusion,198,18,,69735.12,3069,0.7465,1.0,7601.9077,-22295.9323,407720.47,2014-05-08,2026-07-24,1265,0.7526,0.1057,438464.651,0.159,-120574.93,77614.49,14.3966,5,13,FUT:1;OPT:4,52.5833,False,,https://kinfo.com/portfolio/62421/performance
18918,Zerotrade23 ,199,,66,69556.68,2407,0.4582,1.19,399.0493,-284.1984,-9572.08,2022-03-16,2026-08-27,370,0.5324,0.7403,58426.732,1.1905,-22450.29,47603.655,2.2729,3,5,STK:5,8.8,False,,https://kinfo.com/portfolio/18918/performance
28023,Ramonveltmeijer,204,,67,65572.64,994,0.4286,1.31,1206.7471,-689.439,937.18,2022-01-04,2026-09-22,600,0.4167,0.8026,41803.97,1.5686,-13194.55,12254.2,2.6171,3,5,STK:5,,False,,https://kinfo.com/portfolio/28023/performance
20872,Top G,206,19,,65156.56,4543,0.761,1.06,323.7816,-970.678,-43082.64,2022-02-04,2026-08-31,553,0.6618,0.2694,182507.0277,0.357,-58871.5,95607.2,5.5007,3,5,STK:2;FUT:3,201.45,False,,https://kinfo.com/portfolio/20872/performance
47480,Mysho,207,,68,64779.5,3180,0.7711,1.18,171.7757,-489.5804,-3344.06,2024-05-01,2026-09-22,549,0.7887,0.8749,33472.192,1.9353,-28279.54,5338.94,1.1195,3,3,STK:5,309.5667,False,,https://kinfo.com/portfolio/47480/performance
30887,NuttyBarTrading,209,20,,63728.08,658,0.8009,1.33,486.9867,-1472.6253,63728.08,2026-08-03,2026-09-23,41,0.7561,3.3954,25573.36,2.492,-25573.36,12036.8,0.3366,1,1,FUT:5,12.4555,False,@nuttybartrading,https://kinfo.com/portfolio/30887/performance
100253,fondexx,212,,69,61346.69,3306,0.4453,1.18,476.0583,-322.9148,55817.16,2025-06-02,2026-09-22,329,0.535,1.653,23990.1053,2.5572,-6212.238,7339.4831,1.1435,2,2,STK:5,191.2,False,,https://kinfo.com/portfolio/100253/performance
45762,Steve Botkin,219,,70,55973.01,1010,0.8129,1.13,712.4737,-2740.5952,19205.89,2024-05-13,2026-09-22,400,0.815,0.3863,92434.71,0.6055,-61757.95,12155.15,2.3956,2,3,STK:5,,False,,https://kinfo.com/portfolio/45762/performance
15668,MRF,220,,71,54541.96,587,0.5605,1.88,354.5588,-240.7283,17496.95,2020-09-01,2026-08-18,303,0.5479,2.7273,10082.44,5.4096,-3891.16,7016.55,1.0109,6,7,STK:5,67680.0,False,,https://kinfo.com/portfolio/15668/performance
40542,DallasTex,221,,72,53326.83,2450,0.7037,1.46,168.7231,-274.705,66537.91,2023-08-08,2026-09-22,608,0.5757,1.4221,24389.7375,2.1864,-6715.67,4522.21,1.3454,1,4,STK:5,,False,,https://kinfo.com/portfolio/40542/performance
33557,xYHCLYx@666,222,,73,53077.69,1638,0.5513,1.12,566.7599,-624.0905,34443.52,2022-12-30,2026-09-22,508,0.7028,0.8457,26179.0825,2.0275,-12047.205,5230.4705,1.4489,3,5,STK:5,112.05,False,,https://kinfo.com/portfolio/33557/performance
33107,AT21,228,,74,50351.1,2874,0.8643,1.33,115.839,-555.9276,-1161.63,2022-01-18,2026-09-22,799,0.7322,1.0481,15605.4428,3.2265,-8745.8195,2160.4081,1.083,4,5,STK:5,9.7667,False,,https://kinfo.com/portfolio/33107/performance
48014,Pablo - Trading Algorítmico,229,,75,49644.57,2954,0.6503,1.15,196.333,-317.0486,7474.4,2023-07-31,2026-07-14,406,0.5961,1.1789,23212.37,2.1387,-12700.2,9811.1476,1.7579,3,4,STK:5,16004.25,False,,https://kinfo.com/portfolio/48014/performance
76861,AHF,230,21,,49343.69,849,0.4087,1.21,816.1684,-465.87,56104.94,2025-07-07,2026-09-21,314,0.4522,1.0485,18156.859,2.7176,-6028.011,30621.0735,2.0032,1,2,FUT:5,180.0,False,,https://kinfo.com/portfolio/76861/performance
29897,Alex | La Corriente Mkt,232,,76,47995.56,619,0.2003,1.56,1077.6941,-173.0062,47995.56,2026-01-02,2026-09-22,141,0.227,1.4126,21339.7238,2.2491,-2222.5549,32037.8479,1.9837,1,1,STK:5,337.45,True,@lacorrientemkt,https://kinfo.com/portfolio/29897/performance
24842,wak,237,,77,45716.49,5449,0.8692,1.22,130.9562,-715.2587,-6995.77,2024-10-24,2026-09-22,430,0.8209,0.5998,39606.1865,1.1543,-22977.0196,7653.5905,1.6789,3,3,STK:5,3.75,True,,https://kinfo.com/portfolio/24842/performance
37614,tommyarg,242,,78,44554.19,4823,0.7504,1.14,158.5065,-416.9122,-5820.52,2024-08-01,2026-09-22,509,0.7466,0.5024,54751.7807,0.8137,-51250.0716,3859.0636,1.4942,3,3,STK:5,,False,@TomasMargarit,https://kinfo.com/portfolio/37614/performance
27852,JaworTrades,243,,79,43628.22,986,0.2819,1.2,928.48,-302.9504,9795.24,2021-10-29,2026-09-22,608,0.3125,0.7187,24568.2573,1.7758,-5740.5832,23259.4028,3.2873,5,6,STK:5,1050.8833,False,@JaworTrades,https://kinfo.com/portfolio/27852/performance
13362,Studmuffin,246,,80,39943.72,536,0.5728,1.4,456.3226,-437.3246,479.13,2020-02-25,2026-09-22,310,0.6548,1.3543,31094.5207,1.2846,-15210,8216.4375,1.3367,3,7,STK:5,2.1833,False,,https://kinfo.com/portfolio/13362/performance
11954,Harpinder,249,22,,38483.64,3299,0.5802,1.15,152.7424,-183.2959,13267.2,2023-01-06,2026-09-22,426,0.662,1.0571,29865.7461,1.2886,-18472.3701,8279.5942,1.6736,2,4,OPT:5,66.7333,False,,https://kinfo.com/portfolio/11954/performance
99455,MarketParticipant,251,23,,37721.17,3040,0.3648,1.02,2217.6472,-1254.0909,55090.29,2024-08-27,2026-09-22,324,0.5247,0.741,31942.22,1.1809,-16156.71,19214.02,2.5842,1,3,OPT:5,3974.8833,False,,https://kinfo.com/portfolio/99455/performance
77406,TradingEnLaNiebla,256,,81,34581.6,7953,0.8032,1.39,24.5138,-71.9508,34675.56,2025-07-08,2026-09-22,294,0.8061,2.6106,5537.7274,6.2447,-4403.9355,1508.8797,0.3995,2,2,STK:5,243.1,False,,https://kinfo.com/portfolio/77406/performance
78760,ScottishTrader,257,,82,34431.6,1336,0.6325,1.27,215.5438,-292.8763,26238.45,2025-05-14,2026-09-22,305,0.659,2.2463,6608.43,5.2103,-4114.1,2553.8,0.6535,2,2,STK:5,,True,,https://kinfo.com/portfolio/78760/performance
80179,AF_87,264,24,,31415.1,1203,0.4613,1.19,359.6838,-259.5824,35757.35,2025-09-02,2026-09-23,243,0.4609,1.3286,14732.3478,2.1324,-3670.5,11227.3,1.8232,2,2,FUT:5,145.0,False,,https://kinfo.com/portfolio/80179/performance
56213,PIRATA TRADER,265,,83,31323.36,15805,0.7336,1.17,30.4722,-71.4587,31678.27,2024-08-01,2026-09-22,519,0.5954,1.1057,19457.3726,1.6098,-12683.4751,4197.1563,1.411,2,3,STK:5,280.55,False,,https://kinfo.com/portfolio/56213/performance
41436,Sandra,268,,84,29642.43,4217,0.8888,1.22,44.3841,-291.4909,4746.31,2023-07-19,2026-09-22,634,0.8186,0.8547,11842.36,2.5031,-11792,2362.86,1.1908,3,4,STK:5,3.0167,False,,https://kinfo.com/portfolio/41436/performance
67572,Bincang_Saham,269,,85,29544.4,114,0.2281,1.25,5707.1985,-1350.4859,29560.93,2025-09-02,2026-09-11,62,0.2258,0.9575,67555.313,0.4373,-24593.7172,27470.4271,2.5549,2,2,STK:5,368.05,False,@bincang_saham,https://kinfo.com/portfolio/67572/performance
20552,HackerTrader,273,,86,27462.55,2958,0.5649,1.11,355.2764,-415.0883,-43740.12,2021-12-27,2026-09-22,979,0.5005,0.3254,58168.08,0.4721,-20231.35,8631.45,5.6158,4,6,STK:5,,False,@hackertrader,https://kinfo.com/portfolio/20552/performance
62714,Sebastian80,274,,87,27094.11,1487,0.5918,1.45,123.9937,-124.3149,5483.32,2025-01-02,2026-09-22,309,0.5405,2.9478,4523.04,5.9902,-1570.5,1716.66,0.613,2,2,STK:5,,False,,https://kinfo.com/portfolio/62714/performance
52575,theprofitclimb,277,,88,25038.97,4482,0.3831,1.06,275.7069,-162.1518,61566.03,2024-08-20,2026-09-22,420,0.5024,0.2427,41504.04,0.6033,-18812.157,44670.115,8.0115,2,3,STK:5,12.35,False,,https://kinfo.com/portfolio/52575/performance
73293,shawn4,278,,89,24064.16,6761,0.6464,1.17,37.0588,-57.6675,-19137.2,2025-01-13,2026-09-22,415,0.8072,0.5659,29732.245,0.8094,-24644.96,5542.51,1.0701,1,2,STK:5,3.75,False,,https://kinfo.com/portfolio/73293/performance
38748,Pingüino 0509,282,,90,22387.92,29347,0.9429,1.63,2.1355,-21.6099,27903.79,2024-10-16,2026-09-22,399,0.8722,4.0943,8457.4295,2.6471,-2192.5697,501.0106,0.2915,2,3,STK:5,,False,,https://kinfo.com/portfolio/38748/performance
45334,JC Trader,287,,91,20871.5,1122,0.7317,1.09,311.3486,-779.886,-16839.76,2024-05-07,2026-08-15,328,0.7409,0.3511,40176.2,0.5195,-40176.2,5069.41,2.6132,2,3,STK:4;OPT:1,20.3833,False,,https://kinfo.com/portfolio/45334/performance
12834,IxBeavisxI,290,,92,19906.73,1327,0.3986,1.07,554.6871,-342.7603,-3132.01,2019-12-09,2026-09-21,371,0.4636,0.249,53956.226,0.3689,-51771.116,12150.2398,6.0676,2,7,STK:5,8424.55,False,,https://kinfo.com/portfolio/12834/performance
28399,Sophibrice,295,,93,19411.36,1865,0.7314,1.68,48.2908,-78.4416,18673.43,2025-09-15,2026-09-22,253,0.7075,4.6094,2160.2344,8.9858,-1089.4641,710.959,0.3561,2,2,STK:5,,False,,https://kinfo.com/portfolio/28399/performance
23612,Bearflag,297,25,,19068.65,360,0.8,1.78,151.9006,-341.6261,9364.79,2025-01-21,2026-09-21,167,0.8204,1.6589,13502.4517,1.4122,-12432.59,3704.9802,0.6377,2,2,STK:5,23024.3333,False,,https://kinfo.com/portfolio/23612/performance
50034,Trappattonni,298,,94,18974.13,8851,0.6118,1.25,25.7348,-32.375,18143.54,2024-07-22,2026-09-22,458,0.7402,1.476,8058.149,2.3547,-3789.3786,1626.3636,0.9718,2,3,STK:5,,False,,https://kinfo.com/portfolio/50034/performance
96517,GeneralClasher,300,,95,18653.91,855,0.5205,1.64,118.462,-78.2751,18653.91,2025-10-23,2026-09-22,90,0.6556,4.4082,2349.33,7.9401,-1841.41,3413.59,0.5539,2,2,STK:5,137.7333,False,,https://kinfo.com/portfolio/96517/performance
45989,AutisticTrader,302,26,,18131.99,1030,0.4427,1.15,307.4579,-212.6634,18131.99,2025-12-17,2026-09-23,185,0.4108,1.3048,14524.56,1.2484,-3667.06,6553.48,1.7762,1,2,FUT:5,55.1272,False,,https://kinfo.com/portfolio/45989/performance
31401,Russman,303,,96,17875.37,743,0.3271,1.09,890.4907,-396.2206,-19128.98,2022-12-12,2026-09-16,466,0.294,0.2751,46989.72,0.3804,-4611.92,24741.56,9.1806,1,5,STK:5,,False,,https://kinfo.com/portfolio/31401/performance
93271,ciocan76,304,,97,17869.24,970,0.434,1.3,184.3488,-108.819,17949.91,2025-07-03,2026-09-22,82,0.5122,2.0987,9426.2809,1.8957,-4518.6723,5865.9251,1.0857,2,2,STK:5,27340.0,False,,https://kinfo.com/portfolio/93271/performance
63810,KamicazzeX,306,,98,17342.68,698,0.4226,1.49,235.6456,-115.4049,19322.82,2025-01-08,2026-09-17,211,0.545,2.4199,2910.4316,5.9588,-1845.7365,2709.1588,0.9733,1,2,STK:5,178.5,True,,https://kinfo.com/portfolio/63810/performance
26360,DavidsosaRD,310,27,,16920.46,1483,0.3978,1.15,217.5053,-124.7567,7649.48,2022-08-11,2026-09-22,467,0.5632,0.7351,14309.2602,1.1825,-3626.5,10390.9519,2.6535,4,5,FUT:4;STK:1,3.1,False,,https://kinfo.com/portfolio/26360/performance
72097,JPL,313,,99,16678.81,3780,0.5206,1.25,42.6164,-37.0807,-2453.96,2024-04-22,2026-08-13,541,0.6876,1.6468,5849.7423,2.8512,-2232.7584,1227.0198,1.2003,2,3,STK:5,30.1667,False,,https://kinfo.com/portfolio/72097/performance
41957,BullishOnMe,314,,100,16553.29,365,0.8137,1.67,138.8423,-362.9837,2979.61,2023-06-14,2026-07-24,158,0.8228,2.0999,5622.7899,2.944,-5610.5199,2550,0.6936,4,4,STK:5,2.3667,False,,https://kinfo.com/portfolio/41957/performance
31845,RolphZ,315,28,,16335.72,1339,0.3667,1.08,452.8718,-242.8853,14065.76,2024-02-07,2026-09-22,376,0.4122,0.5939,20514.3654,0.7963,-6742.6912,7899.5441,3.6605,2,3,OPT:3;STK:2,1153.4167,False,@RolphZ16,https://kinfo.com/portfolio/31845/performance
44981,Ann Johnson,317,,101,16215.26,686,0.828,1.61,99.936,-298.5453,-4379.17,2023-04-24,2026-09-22,332,0.7139,1.3691,9749.6,1.6632,-4729.75,2292.16,0.9003,1,4,STK:5,,False,,https://kinfo.com/portfolio/44981/performance
48702,AndyL,318,,102,15899.62,1880,0.5021,1.06,315.5034,-301.2132,-5565.58,2024-02-02,2026-09-17,194,0.5309,0.5399,20734.9435,0.7668,-17254.5713,12216.3757,3.23,1,3,STK:5,9613.7667,False,,https://kinfo.com/portfolio/48702/performance
75321,Zach neary ,321,,103,15527.44,481,0.5821,1.46,176.7716,-168.9981,4802.22,2023-06-06,2026-09-22,373,0.6381,1.3171,9820.0705,1.5812,-7659.1,2010.195,0.9279,3,4,STK:5,2.9333,False,,https://kinfo.com/portfolio/75321/performance
44974,Power Man,325,,104,14974.67,487,0.8747,2.57,57.5828,-156.6493,6806.18,2024-02-13,2026-07-02,266,0.8647,3.7623,2887.59,5.1859,-2887.59,808.485,0.3888,2,3,STK:5,2778.8667,False,,https://kinfo.com/portfolio/44974/performance
50716,DvonDon,326,,105,14692.72,423,0.7801,1.36,168.8339,-441.1019,5980.16,2023-04-12,2026-09-22,264,0.75,1.6727,6841.588,2.1476,-3393.5138,1824.725,0.8401,4,4,STK:5,158.9333,False,,https://kinfo.com/portfolio/50716/performance
45475,Gasman,327,,106,14659.26,586,0.727,1.23,181.4412,-391.4667,-20568.56,2024-05-10,2026-09-04,296,0.7331,0.424,41842.604,0.3503,-29428.91,3875,1.7118,1,3,STK:5,42.8333,False,,https://kinfo.com/portfolio/45475/performance
39652,KeonTheTrader,330,,107,13689.98,3036,0.7576,1.27,39.2962,-97.031,15509.12,2025-05-20,2026-09-22,318,0.6667,1.1142,7662.85,1.7865,-7662.85,2065.68,1.2171,1,2,STK:5,,False,,https://kinfo.com/portfolio/39652/performance
13441,JohnyG,331,,108,13576.57,1053,0.7873,1.19,103.2083,-321.3531,8138.49,2024-12-20,2026-08-05,263,0.7985,0.8479,11075.1593,1.2259,-10922.63,2519.351,1.1194,2,3,STK:5,4.4,False,,https://kinfo.com/portfolio/13441/performance
67870,paulosuarez,333,29,,13461.22,470,0.5936,1.34,188.4629,-204.8164,14487.25,2021-11-05,2026-09-04,259,0.6255,1.6493,5539.25,2.4302,-3948.75,3020.63,1.2011,3,6,FUT:4;STK:1,24.4667,False,,https://kinfo.com/portfolio/67870/performance
41922,Elaine,334,,109,13280.73,504,0.7639,1.28,159.5542,-404.602,6432.13,2023-05-03,2026-09-22,227,0.7621,1.2902,7654.559,1.735,-5260,2193,1.0575,2,4,STK:5,1.8667,False,,https://kinfo.com/portfolio/41922/performance
63342,MickaelFGameiro,335,,110,13100.43,1884,0.4209,1.15,126.7873,-79.9891,8044.49,2025-02-24,2026-09-18,217,0.6406,0.9367,14187.2353,0.9234,-11076.5002,6680.7842,1.5705,1,2,STK:5,12.1167,False,@MickaelFGameiro,https://kinfo.com/portfolio/63342/performance
74771,derekleong,336,,111,12802.08,1983,0.4523,1.12,128.9104,-94.6874,12802.08,2026-05-13,2026-09-22,73,0.7123,2.7901,10348.9,1.237,-3541.27,2203.58,0.4661,1,1,STK:5,18.7167,True,,https://kinfo.com/portfolio/74771/performance
79581,annie-ai,339,,112,11779.11,567,0.5785,1.3,156.1634,-165.0314,3702.75,2024-09-09,2026-09-22,314,0.586,1.4182,4104.25,2.87,-2026.18,3652.36,1.3791,3,3,STK:5,10077.65,False,@ANNIE_Trades,https://kinfo.com/portfolio/79581/performance
43395,SHathaway,343,,113,11311.68,420,0.7405,1.23,197.1879,-458.8417,3052.14,2023-04-11,2026-09-17,246,0.748,1.0231,6289.86,1.7984,-5771.91,1525,1.1895,3,4,STK:5,396.45,False,,https://kinfo.com/portfolio/43395/performance
39587,jgvarias,348,,114,10216.92,6324,0.7592,1.45,9.2902,-20.236,5423.6,2024-02-02,2026-09-22,579,0.7012,1.4496,3780.3992,2.7026,-3235.6531,1037.858,0.9241,2,3,STK:5,4.0333,False,@JGV0,https://kinfo.com/portfolio/39587/performance
26487,Mark Schooley,349,,115,9968.39,883,0.5946,1.14,153.0817,-196.6466,-3600.33,2022-03-16,2026-09-18,366,0.6694,0.8627,8672.645,1.1494,-2975,3080.0667,2.0023,3,5,STK:5,48.0667,False,,https://kinfo.com/portfolio/26487/performance
99649,Astatium,353,30,,9102.72,3362,0.613,1.07,68.3054,-101.2099,-1171.59,2023-09-11,2026-09-22,521,0.7543,0.6482,7816.4118,1.1646,-4439.8169,1474.6663,2.0464,3,4,STK:5,7205.2833,False,,https://kinfo.com/portfolio/99649/performance
60096,Barni11,354,,116,8913.31,1774,0.4504,1.2,67.9959,-46.5799,1355.37,2021-09-09,2026-09-22,516,0.5581,1.8627,2404.8765,3.7063,-703.92,702.0845,1.0665,3,6,STK:5,36.4167,False,,https://kinfo.com/portfolio/60096/performance
32891,Short4Life,355,,117,8655.76,1447,0.5681,1.15,107.4673,-122.6341,-4430.2,2023-11-16,2026-09-21,633,0.4976,0.7612,5335.6,1.6223,-1544.43,1486,2.494,3,4,STK:5,,False,,https://kinfo.com/portfolio/32891/performance
68668,rross,358,,118,8585.17,876,0.5308,1.37,98.2177,-80.8221,-2317.6,2025-04-15,2026-09-02,224,0.5179,1.5324,5141.4853,1.6698,-2415.502,3042.3162,1.3841,1,2,STK:5,,False,,https://kinfo.com/portfolio/68668/performance
104933,mbminno,359,,119,8580.35,331,0.5831,1.15,335.9502,-407.667,8580.35,2025-10-01,2026-09-22,111,0.7027,0.3439,34606.382,0.2479,-34134.2589,13678.8285,2.8219,2,2,STK:5,10.9167,False,,https://kinfo.com/portfolio/104933/performance
29407,snipa,364,,120,7969.73,622,0.508,1.18,166.0467,-145.4282,-263.2,2024-01-09,2026-08-26,318,0.5597,1.1061,6578.8986,1.2114,-1915.0295,1447.65,1.6782,2,3,STK:5,363.6,False,@slattius,https://kinfo.com/portfolio/29407/performance
101262,quantic,378,31,,6647.13,3960,0.476,1.01,654.1811,-591.0767,7587.8,2018-10-02,2026-09-04,1071,0.563,0.0693,40053.5849,0.166,-9204.96,21512.6,26.6683,5,9,OPT:5,78.6167,False,,https://kinfo.com/portfolio/101262/performance
104099,kingDat,383,32,,6414.9,493,0.6613,1.09,235.7825,-421.8398,6414.9,2026-08-13,2026-09-22,28,0.6786,4.1478,2379.8679,2.6955,-1616.0283,3132.6547,0.4883,1,1,OPT:5,74.25,False,,https://kinfo.com/portfolio/104099/performance
60432,Dexcorp,,33,,3492.46,1422,0.7145,1.05,74.5209,-177.8799,3492.46,2025-12-01,2026-09-22,209,0.6746,0.25,14539.283,0.2402,-14166.0734,2102.1799,2.96,2,2,OPT:1;STK:4,350.5667,False,,https://kinfo.com/portfolio/60432/performance
60356,Myson,,34,,2838.1,259,0.6178,1.11,185.2926,-270.7952,2838.1,2026-06-25,2026-08-25,43,0.6512,1.3055,3570.5,0.7949,-1876.95,1437,0.9302,1,1,FUT:5,34.9458,False,,https://kinfo.com/portfolio/60356/performance
95552,RamonBaixauli ,,35,,2072.78,924,0.5812,1.07,60.8215,-79.0397,2072.78,2026-04-27,2026-08-26,96,0.4479,1.2862,1628.16,1.2731,-515.14,753.94,1.4009,1,1,FUT:5,11.3811,False,,https://kinfo.com/portfolio/95552/performance
61594,co_trading,,36,,40.54,997,0.3761,1.0,101.123,-60.9013,40.54,2026-01-07,2026-07-30,123,0.4797,0.0143,3375.08,0.012,-1067.2,1297.2,156.5614,1,1,FUT:5,1.8496,False,,https://kinfo.com/portfolio/61594/performance
102314,KINGBOB,,37,,-1089.18,244,0.2951,0.99,1973.1761,-832.3131,-1089.18,2026-07-07,2026-09-07,24,0.5417,-0.1403,37146.74,-0.0293,-14152.38,8183.72,,0,1,FUT:5,19.1222,False,,https://kinfo.com/portfolio/102314/performance
69680,TradingByMateo,,38,,-1202.48,142,0.9014,0.96,248.1447,-2354.6429,-1202.48,2025-09-29,2026-07-13,52,0.9231,-0.1528,15222.0,-0.079,-15222,1660.7,,1,2,FUT:5,0.8061,False,@bclmkj,https://kinfo.com/portfolio/69680/performance
62724,A250,,39,,-1224.7,528,0.3902,0.98,303.7102,-198.1025,6377.05,2025-07-22,2026-09-22,187,0.4118,-0.1104,13881.0,-0.0882,-2082,8518,,1,2,FUT:5,17.3,False,,https://kinfo.com/portfolio/62724/performance
105338,ORBProTrading,,40,,-1664.08,117,0.5385,0.95,457.866,-564.9933,-1664.08,2026-08-03,2026-09-23,37,0.6216,-0.6743,5380.32,-0.3093,-4624.4,1505.56,,0,1,FUT:5,14.9991,False,,https://kinfo.com/portfolio/105338/performance
98417,Gamma Taurus,,41,,-2259.35,172,0.5872,0.77,72.8391,-135.438,-2259.35,2026-04-07,2026-08-24,33,0.7576,-2.2393,2737.25,-0.8254,-2411.7,264.2,,0,1,FUT:5,5.2873,False,@gammaYtaurus,https://kinfo.com/portfolio/98417/performance
63563,zizo,,43,,-4371.95,3689,0.2426,0.95,97.7688,-32.883,897.05,2020-08-11,2026-09-11,1072,0.2715,-0.2121,13387.1,-0.3266,-836.4,7383.96,,2,7,FUT:1;STK:4,13.5667,False,,https://kinfo.com/portfolio/63563/performance
17953,Aleniv,,44,,-4389.97,730,0.489,0.91,123.679,-130.1431,-3679.41,2022-10-17,2026-09-18,164,0.7012,-1.0765,5464.0,-0.8034,-3068.9,1365.46,,2,5,OPT:5,16.2333,False,,https://kinfo.com/portfolio/17953/performance
79199,Leon Mora,,45,,-4739.7,334,0.5269,0.78,98.3037,-139.5009,-5107.0,2025-06-10,2026-07-21,204,0.5539,-1.373,6944.6,-0.6825,-1748.5,1178.6,,1,2,FUT:5,4.2535,False,,https://kinfo.com/portfolio/79199/performance
93753,hxcjf,,46,,-5386.63,867,0.4394,0.98,677.4216,-542.1455,-5386.63,2026-07-08,2026-09-22,53,0.4151,-1.6485,11561.3808,-0.4659,-1345.9413,5355.4365,,0,1,OPT:5,1193.55,False,,https://kinfo.com/portfolio/93753/performance
54550,KingdomOak Capital,,47,,-7412.97,594,0.5101,0.96,613.155,-663.9138,-7412.97,2026-01-20,2026-09-22,130,0.5,-0.2592,61559.5518,-0.1204,-30779.5,8753.15,,0,1,OPT:5,55.3,False,,https://kinfo.com/portfolio/54550/performance
106265,Alfredkhong91,,48,,-7954.13,263,0.5095,0.89,465.3425,-545.0391,-6110.12,2024-01-07,2026-09-16,201,0.5075,-0.4626,19171.3765,-0.4149,-14471.18,4390.78,,1,3,FUT:5,2430.1,False,,https://kinfo.com/portfolio/106265/performance
80588,davidbartos,,49,,-8089.0,1696,0.4629,0.92,117.0724,-109.7594,-11022.07,2023-06-26,2026-09-23,488,0.459,-0.6231,15294.26,-0.5289,-1830.34,4738.88,,1,4,FUT:5,500.0105,False,,https://kinfo.com/portfolio/80588/performance
32382,M@NTI$,,50,,-8284.49,996,0.51,0.93,216.4033,-242.2487,-5101.49,2023-03-06,2026-09-21,439,0.492,-0.439,14264.0008,-0.5808,-5390.7,3124,,2,4,FUT:5,1770.0,False,,https://kinfo.com/portfolio/32382/performance
92156,digitalmicrotrading,,51,,-8504.14,675,0.8874,0.72,36.7446,-401.5024,-8504.14,2026-01-01,2026-09-22,173,0.8439,-0.9766,16505.85,-0.5152,-6632.36,441.39,,0,1,FUT:5,39.45,True,,https://kinfo.com/portfolio/92156/performance
45294,Sunny Dukes,,52,,-10325.37,401,0.4763,0.61,84.5842,-126.0998,2954.55,2024-02-21,2026-07-15,148,0.5878,-1.6031,14744.95,-0.7003,-6298.06,1478.9,,1,3,FUT:5,29.3337,False,,https://kinfo.com/portfolio/45294/performance
39977,remyseven,,53,,-10496.72,3311,0.6258,0.99,489.253,-826.6578,-1133.62,2020-08-24,2026-09-15,813,0.6593,-0.2329,34543.5926,-0.3039,-8742.96,8279.43,,3,7,FUT:2;OPT:3,65.6,False,,https://kinfo.com/portfolio/39977/performance
16121,Recordatio,,54,,-11076.5,692,0.3902,0.88,287.7157,-210.3312,-11452.5,2021-08-02,2026-07-31,544,0.3603,-0.792,13826.75,-0.8011,-2424.75,2321.5,,3,6,FUT:5,4320.0,False,,https://kinfo.com/portfolio/16121/performance
95604,Awal Technologies ,,55,,-11465.85,487,0.4189,0.8,225.3914,-202.9883,-11465.85,2026-01-02,2026-09-22,124,0.5161,-2.4189,12762.2006,-0.8984,-1790.7502,1146,,0,1,FUT:5,15.4,False,,https://kinfo.com/portfolio/95604/performance
19999,TheRealDeal,,56,,-12356.9,7098,0.6936,1.0,810.0304,-1839.1408,71704.19,2020-01-16,2026-09-22,943,0.6957,-0.0474,182280.0082,-0.0678,-50048.632,45910.81,,4,7,OPT:5,399.1833,False,,https://kinfo.com/portfolio/19999/performance
48087,The Shark,,57,,-13991.26,3012,0.656,0.81,30.8875,-72.4179,2852.43,2021-10-12,2026-09-17,684,0.6506,-1.0439,17724.281,-0.7894,-6056.3225,1307.3547,,2,6,FUT:5,6.1333,False,,https://kinfo.com/portfolio/48087/performance
53874,NumbersGoUpAndDown ,,58,,-14275.1,634,0.4685,0.96,1040.0593,-958.9694,-32148.82,2022-02-03,2026-09-22,363,0.4683,-0.2788,68594.0275,-0.2081,-11157.17,8362.68,,2,5,FUT:5,11520.0167,False,,https://kinfo.com/portfolio/53874/performance
106103,Dannosuke,,59,,-15182.6,1298,0.5994,0.8,76.0818,-143.0274,-1392.69,2019-10-29,2026-09-16,240,0.725,-1.179,15733.405,-0.965,-10519.37,1478.96,,2,8,OPT:5,0.45,False,,https://kinfo.com/portfolio/106103/performance
39053,Ris,,60,,-15327.78,1268,0.5118,0.78,81.9662,-110.7009,-6965.08,2022-04-29,2026-09-18,549,0.5301,-1.5894,21197.17,-0.7231,-2567.06,2024.62,,0,5,FUT:5,1.5853,False,,https://kinfo.com/portfolio/39053/performance
89826,hugocentrique,,61,,-21170.49,354,0.4661,0.59,181.15,-270.16,-21170.49,2025-11-24,2026-09-22,131,0.4351,-4.1788,21170.4911,-1.0,-2327.29,1514.4696,,0,2,OPT:5,1376.25,True,,https://kinfo.com/portfolio/89826/performance
96522,jlabtrades,,62,,-21436.23,8075,0.8295,0.89,27.152,-147.6398,-8749.62,2023-08-23,2026-09-23,440,0.6773,-0.975,24222.58,-0.885,-7758.36,2241.96,,0,4,FUT:5,1.0605,False,@jlabtrades,https://kinfo.com/portfolio/96522/performance
63327,mrivasbatrading,,63,,-21602.08,2928,0.3627,0.92,237.2302,-146.5919,-17903.08,2025-05-01,2026-09-23,323,0.4489,-1.0472,33538.7291,-0.6441,-4452.8008,3529,,1,2,FUT:5,53.9167,False,,https://kinfo.com/portfolio/63327/performance
13347,Jan,,64,,-25719.08,8404,0.6975,0.89,33.9838,-88.4392,-28323.4,2020-08-14,2026-09-22,1391,0.6894,-0.3589,47167.752,-0.5453,-24118.0552,1906.6034,,4,7,FUT:4;OPT:1,44.3167,False,,https://kinfo.com/portfolio/13347/performance
89845,Red Diver,,65,,-26045.59,632,0.5063,0.8,329.9041,-421.8427,-26840.39,2025-09-09,2026-09-21,135,0.6815,-1.9651,30360.65,-0.8579,-6114.5,1996,,0,2,STK:5,59.7333,False,,https://kinfo.com/portfolio/89845/performance
79667,Mabel Trades,,66,,-30341.12,3664,0.7784,0.88,74.6919,-299.7072,-21907.46,2024-04-03,2026-09-14,396,0.6338,-1.1075,36657.82,-0.8277,-8804.84,4926.22,,0,3,FUT:5,29.6864,False,,https://kinfo.com/portfolio/79667/performance
75925,Trades4freedom,,67,,-32918.09,3305,0.6865,0.9,112.4843,-274.318,-46124.29,2024-07-15,2026-09-22,466,0.706,-0.4696,70472.4178,-0.4671,-26220.5219,14115.5856,,0,3,STK:4;FUT:1,16.85,False,,https://kinfo.com/portfolio/75925/performance
85987,ai-trader-pro,,68,,-33546.15,1660,0.7458,0.98,1742.1981,-5190.4914,129320.97,2024-06-03,2026-09-22,464,0.7716,-0.0435,412640.3502,-0.0813,-332926.64,289977.04,,1,3,STK:2;FUT:3,439.1,False,,https://kinfo.com/portfolio/85987/performance
44756,Sam72143,,69,,-35474.58,1195,0.5657,0.88,373.0404,-554.2387,-35474.58,2025-11-06,2026-09-21,167,0.6228,-2.1316,46791.0761,-0.7581,-10434.9303,3728.7032,,0,2,FOP:1;OPT:4,4219.8667,False,@Sam19967226,https://kinfo.com/portfolio/44756/performance
58345,sdx1,,70,,-45613.22,2114,0.4357,0.97,1484.3032,-1184.112,-49657.07,2025-05-02,2026-09-22,355,0.6085,-1.1171,60019.3058,-0.76,-15175.04,8826.56,,0,2,OPT:2;FUT:3,10.35,False,,https://kinfo.com/portfolio/58345/performance
28766,Jan Trades,,71,,-47458.89,4475,0.5473,0.61,29.6914,-59.3154,-6096.15,2022-10-05,2026-09-22,652,0.5966,-2.363,48207.1829,-0.9845,-8981,2563,,0,5,FUT:5,2.2333,False,,https://kinfo.com/portfolio/28766/performance
91701,Pedrulilho,,72,,-55054.36,200,0.47,0.55,719.0587,-1157.0366,-55054.36,2025-12-31,2026-09-16,98,0.4592,-1.8778,70556.2191,-0.7803,-33236.5,13079.54,,0,2,FUT:5,1440.0,False,,https://kinfo.com/portfolio/91701/performance
79723,vytas80,,73,,-56248.1,7717,0.4924,0.83,71.6773,-83.8959,-54454.66,2025-04-02,2026-07-06,276,0.4783,-2.6303,61945.3936,-0.908,-12751.171,3573.1241,,0,2,STK:5,24.25,False,,https://kinfo.com/portfolio/79723/performance
75096,CTrader,,74,,-57604.7,1517,0.5056,0.53,83.9527,-162.6619,-57708.86,2024-09-18,2026-09-22,160,0.5312,-3.4541,58183.0443,-0.9901,-16621.16,665.08,,1,3,FUT:5,0.0833,False,,https://kinfo.com/portfolio/75096/performance
42621,MZee,,75,,-75966.18,1536,0.6556,0.77,258.3183,-635.1292,-31098.55,2023-01-09,2026-09-21,362,0.5967,-1.4357,76749.4317,-0.9898,-30616.4206,16088.3792,,0,4,FUT:4;STK:1,272.6833,False,,https://kinfo.com/portfolio/42621/performance
77163,TraderBCT,,76,,-213928.95,1497,0.4442,0.65,587.9057,-727.0268,-182195.51,2025-06-16,2026-07-08,220,0.3955,-4.8336,217286.8095,-0.9845,-14553.7606,10375,,0,2,STK:2;OTHER:3,1.8333,True,@oldone552,https://kinfo.com/portfolio/77163/performance
42973,Guy LeDouche,,77,,-322828.77,6840,0.5054,0.91,894.5599,-1009.5544,1680.75,2024-03-18,2026-09-03,374,0.4866,-0.7134,589026.6172,-0.5481,-178716.5,68262.062,,1,3,FUT:5,54.15,False,,https://kinfo.com/portfolio/42973/performance
44439,RulesRule,,78,,-403994.8,1016,0.5709,0.96,15301.9388,-21282.3837,-194475.78,2024-03-08,2026-09-22,287,0.6481,-0.1998,1358036.2787,-0.2975,-373979.6167,1588508.4575,,1,3,OPT:5,2.0167,False,@Scalperspecltr,https://kinfo.com/portfolio/44439/performance
47872,ksh.samuel,,79,,-1664800.97,1475,0.7525,0.81,6220.1183,-23477.0361,50217.99,2020-01-15,2026-09-22,592,0.799,-1.051,2123728.6188,-0.7839,-403196.9536,235640,,3,7,FUT:5,40.9833,False,,https://kinfo.com/portfolio/47872/performance
